{
  "TaskId": "86a8e584901141d683de059113083d05",
  "Summarization": {
    "ParagraphSummary": "对话聚焦于规则性授信的特点，强调了村长在维护人民币方面的职责。双方交流中提及避免退回旧状态的重要性，整体围绕规则性授信及特定角色的职责展开。",
    "ParagraphTitle": "规则性授信与村长职责讨论",
    "ConversationalSummary": [
      {
        "SpeakerId": "1",
        "SpeakerName": "发言人1",
        "Summary": "强调不应倒退至先前状态，主张在讨论个人特点前，应优先完成补救措施。他特别指出村长维护人民币价值的重要性，以及规则性授信问题，表明其关注流程规范与规则执行的严谨性。他认为，个人行为对公共事务有直接影响，因此，确保流程的规范性和规则的严格执行是当前的关键任务。简而言之，他主张在处理公共事务时，应先确保流程的合规性，再讨论个人特质，以维护整体利益和规则的权威性。"
      }
    ]
  }
}