[
  {
    "id": "86a8e584901141d683de059113083d05",
    "start_time": "2025-09-04 19:16:12",
    "end_time": "2025-09-04 19:18:10",
    "output_file": "会议记录_20250904_191611.txt",
    "duration": "1分钟58秒",
    "date": "2025-09-04"
  },
  {
    "id": "ff67771e38dc4747bf18954e14b53e70",
    "start_time": "2025-09-04 18:24:38",
    "end_time": "2025-09-04 18:26:27",
    "output_file": "会议记录_20250904_182437.txt",
    "duration": "1分钟49秒",
    "date": "2025-09-04"
  },
  {
    "id": "be07dc5b1bcc43449d09778af7156682",
    "start_time": "2025-09-04 18:14:52",
    "end_time": "2025-09-04 18:18:16",
    "output_file": "会议记录_20250904_181451.txt",
    "duration": "3分钟24秒",
    "date": "2025-09-04"
  },
  {
    "id": "a9e78e86271b4092886fdfb064f2c9c4",
    "start_time": "2025-09-04 18:10:15",
    "end_time": "2025-09-04 18:10:52",
    "output_file": "会议记录_20250904_181014.txt",
    "duration": "37秒",
    "date": "2025-09-04"
  },
  {
    "id": "68971d2404a04e3e905d53df9c3152f8",
    "start_time": "2025-09-04 16:05:02",
    "end_time": "2025-09-04 16:05:13",
    "output_file": "会议记录_20250904_160501.txt",
    "duration": "11秒",
    "date": "2025-09-04"
  },
  {
    "id": "738c27e93b0d4e5ea8d1d055170d7977",
    "start_time": "2025-09-04 15:58:26",
    "end_time": "2025-09-04 15:58:55",
    "output_file": "会议记录_20250904_155825.txt",
    "duration": "29秒",
    "date": "2025-09-04"
  }
]